"","Dataset","Scientific_Name","Source"
"1","abrachyrhynchus_gene_ensembl","Pink-footed goose genes (ASM259213v1)","Ensembl Genes"
"2","acalliptera_gene_ensembl","Eastern happy genes (fAstCal1.3)","Ensembl Genes"
"3","acarolinensis_gene_ensembl","Green anole genes (AnoCar2.0v2)","Ensembl Genes"
"4","acchrysaetos_gene_ensembl","Golden eagle genes (bAquChr1.2)","Ensembl Genes"
"5","acitrinellus_gene_ensembl","Midas cichlid genes (Midas_v5)","Ensembl Genes"
"6","amelanoleuca_gene_ensembl","Giant panda genes (ASM200744v2)","Ensembl Genes"
"7","amexicanus_gene_ensembl","Mexican tetra genes (Astyanax_mexicanus-2.0)","Ensembl Genes"
"8","anancymaae_gene_ensembl","Ma's night monkey genes (Anan_2.0)","Ensembl Genes"
"9","aocellaris_gene_ensembl","Clown anemonefish genes (ASM2253959v1)","Ensembl Genes"
"10","apercula_gene_ensembl","Orange clownfish genes (Nemo_v1)","Ensembl Genes"
"11","aplatyrhynchos_gene_ensembl","Mallard genes (ASM874695v1)","Ensembl Genes"
"12","apolyacanthus_gene_ensembl","Spiny chromis genes (ASM210954v1)","Ensembl Genes"
"13","applatyrhynchos_gene_ensembl","Duck genes (CAU_duck1.0)","Ensembl Genes"
"14","atestudineus_gene_ensembl","Climbing perch genes (fAnaTes1.3)","Ensembl Genes"
"15","bbbison_gene_ensembl","American bison genes (Bison_UMD1.0)","Ensembl Genes"
"16","bgrunniens_gene_ensembl","Domestic yak genes (LU_Bosgru_v3.0)","Ensembl Genes"
"17","bihybrid_gene_ensembl","Hybrid - Bos Indicus genes (UOA_Brahman_1)","Ensembl Genes"
"18","bmusculus_gene_ensembl","Blue whale genes (mBalMus1.v2)","Ensembl Genes"
"19","bmutus_gene_ensembl","Wild yak genes (BosGru_v2.0)","Ensembl Genes"
"20","bsplendens_gene_ensembl","Siamese fighting fish genes (fBetSpl5.2)","Ensembl Genes"
"21","btaurus_gene_ensembl","Cow genes (ARS-UCD1.3)","Ensembl Genes"
"22","cabingdonii_gene_ensembl","Abingdon island giant tortoise genes (ASM359739v1)","Ensembl Genes"
"23","catys_gene_ensembl","Sooty mangabey genes (Caty_1.0)","Ensembl Genes"
"24","cauratus_gene_ensembl","Goldfish genes (ASM336829v1)","Ensembl Genes"
"25","cccarpio_gene_ensembl","Common carp genes (Cypcar_WagV4.0)","Ensembl Genes"
"26","cdromedarius_gene_ensembl","Arabian camel genes (CamDro2)","Ensembl Genes"
"27","celegans_gene_ensembl","Caenorhabditis elegans (Nematode, N2) genes (WBcel235)","Ensembl Genes"
"28","cgchok1gshd_gene_ensembl","Chinese hamster CHOK1GS genes (CHOK1GS_HDv1)","Ensembl Genes"
"29","cgobio_gene_ensembl","Channel bull blenny genes (fCotGob3.1)","Ensembl Genes"
"30","charengus_gene_ensembl","Atlantic herring  genes (Ch_v2.0.2v2)","Ensembl Genes"
"31","chircus_gene_ensembl","Goat genes (ARS1)","Ensembl Genes"
"32","choffmanni_gene_ensembl","Sloth genes (choHof1)","Ensembl Genes"
"33","chyarkandensis_gene_ensembl","Yarkand deer genes (CEY_v1)","Ensembl Genes"
"34","cimitator_gene_ensembl","Panamanian white-faced capuchin genes (Cebus_imitator-1.0)","Ensembl Genes"
"35","cintestinalis_gene_ensembl","C.intestinalis genes (KH)","Ensembl Genes"
"36","cjacchus_gene_ensembl","White-tufted-ear marmoset genes (mCalJac1.pat.X)","Ensembl Genes"
"37","cjaponica_gene_ensembl","Japanese quail genes (Coturnix_japonica_2.0)","Ensembl Genes"
"38","clanigera_gene_ensembl","Long-tailed chinchilla genes (ChiLan1.0)","Ensembl Genes"
"39","cldingo_gene_ensembl","Dingo genes (ASM325472v1)","Ensembl Genes"
"40","clfamiliaris_gene_ensembl","Dog genes (ROS_Cfam_1.0)","Ensembl Genes"
"41","clumpus_gene_ensembl","Lumpfish genes (fCycLum1.pri)","Ensembl Genes"
"42","cmilii_gene_ensembl","Elephant shark genes (Callorhinchus_milii-6.1.3)","Ensembl Genes"
"43","cpbellii_gene_ensembl","Painted turtle genes (Chrysemys_picta_bellii-3.0.3)","Ensembl Genes"
"44","cporcellus_gene_ensembl","Guinea Pig genes (Cavpor3.0)","Ensembl Genes"
"45","cporosus_gene_ensembl","Australian saltwater crocodile genes (CroPor_comp1)","Ensembl Genes"
"46","csabaeus_gene_ensembl","Vervet-AGM genes (ChlSab1.1)","Ensembl Genes"
"47","csavignyi_gene_ensembl","C.savignyi genes (CSAV 2.0)","Ensembl Genes"
"48","csemilaevis_gene_ensembl","Tongue sole genes (Cse_v1.0)","Ensembl Genes"
"49","csyrichta_gene_ensembl","Tarsier genes (Tarsius_syrichta-2.0.1)","Ensembl Genes"
"50","cvariegatus_gene_ensembl","Sheepshead minnow genes (C_variegatus-1.0)","Ensembl Genes"
"51","cwagneri_gene_ensembl","Chacoan peccary genes (CatWag_v2_BIUU_UCD)","Ensembl Genes"
"52","dclupeoides_gene_ensembl","Denticle herring genes (fDenClu1.2)","Ensembl Genes"
"53","dlabrax_gene_ensembl","European seabass genes (dlabrax2021)","Ensembl Genes"
"54","dleucas_gene_ensembl","Beluga whale genes (ASM228892v3)","Ensembl Genes"
"55","dmelanogaster_gene_ensembl","Drosophila melanogaster (Fruit fly) genes (BDGP6.46)","Ensembl Genes"
"56","dnovemcinctus_gene_ensembl","Armadillo genes (Dasnov3.0)","Ensembl Genes"
"57","dordii_gene_ensembl","Kangaroo rat genes (Dord_2.0)","Ensembl Genes"
"58","drerio_gene_ensembl","Zebrafish genes (GRCz11)","Ensembl Genes"
"59","easinus_gene_ensembl","Donkey genes (ASM1607732v2)","Ensembl Genes"
"60","eburgeri_gene_ensembl","Hagfish genes (Eburgeri_3.2)","Ensembl Genes"
"61","ecaballus_gene_ensembl","Horse genes (EquCab3.0)","Ensembl Genes"
"62","ecalabaricus_gene_ensembl","Reedfish genes (fErpCal1.1)","Ensembl Genes"
"63","eelectricus_gene_ensembl","Electric eel genes (fEleEle1.pri)","Ensembl Genes"
"64","eeuropaeus_gene_ensembl","Hedgehog genes (eriEur1)","Ensembl Genes"
"65","elucius_gene_ensembl","Northern pike genes (fEsoLuc1.pri)","Ensembl Genes"
"66","etelfairi_gene_ensembl","Lesser hedgehog tenrec genes (TENREC)","Ensembl Genes"
"67","falbicollis_gene_ensembl","Collared flycatcher genes (FicAlb1.5)","Ensembl Genes"
"68","fcatus_gene_ensembl","Cat genes (Felis_catus_9.0)","Ensembl Genes"
"69","fheteroclitus_gene_ensembl","Mummichog genes (Fundulus_heteroclitus-3.0.2)","Ensembl Genes"
"70","gaculeatus_gene_ensembl","Stickleback genes (GAculeatus_UGA_version5)","Ensembl Genes"
"71","gevgoodei_gene_ensembl","Goodes thornscrub tortoise genes (rGopEvg1_v1.p)","Ensembl Genes"
"72","gfortis_gene_ensembl","Medium ground-finch genes (GeoFor_1.0)","Ensembl Genes"
"73","ggallus_gene_ensembl","Chicken genes (bGalGal1.mat.broiler.GRCg7b)","Ensembl Genes"
"74","ggorilla_gene_ensembl","Gorilla genes (gorGor4)","Ensembl Genes"
"75","gmorhua_gene_ensembl","Atlantic cod genes (gadMor3.0)","Ensembl Genes"
"76","hburtoni_gene_ensembl","Burton's mouthbrooder genes (AstBur1.0)","Ensembl Genes"
"77","hcomes_gene_ensembl","Tiger tail seahorse genes (H_comes_QL1_v1)","Ensembl Genes"
"78","hgfemale_gene_ensembl","Naked mole-rat female genes (Naked_mole-rat_maternal)","Ensembl Genes"
"79","hhucho_gene_ensembl","Huchen genes (ASM331708v1)","Ensembl Genes"
"80","hsapiens_gene_ensembl","Human genes (GRCh38.p14)","Ensembl Genes"
"81","ipunctatus_gene_ensembl","Channel catfish genes (ASM400665v3)","Ensembl Genes"
"82","itridecemlineatus_gene_ensembl","Squirrel genes (SpeTri2.0)","Ensembl Genes"
"83","jjaculus_gene_ensembl","Lesser Egyptian jerboa genes (JacJac1.0)","Ensembl Genes"
"84","kmarmoratus_gene_ensembl","Mangrove rivulus genes (ASM164957v1)","Ensembl Genes"
"85","lafricana_gene_ensembl","Elephant genes (Loxafr3.0)","Ensembl Genes"
"86","lbergylta_gene_ensembl","Ballan wrasse genes (BallGen_V1)","Ensembl Genes"
"87","lcalcarifer_gene_ensembl","Barramundi perch genes (ASB_HGAPassembly_v1)","Ensembl Genes"
"88","lchalumnae_gene_ensembl","Coelacanth genes (LatCha1)","Ensembl Genes"
"89","lcrocea_gene_ensembl","Large yellow croaker genes (L_crocea_2.0)","Ensembl Genes"
"90","llaticaudata_gene_ensembl","Blue-ringed sea krait genes (latLat_1.0)","Ensembl Genes"
"91","lleishanense_gene_ensembl","Leishan spiny toad genes (ASM966780v1)","Ensembl Genes"
"92","loculatus_gene_ensembl","Spotted gar genes (LepOcu1)","Ensembl Genes"
"93","marmatus_gene_ensembl","Zig-zag eel genes (fMasArm1.2)","Ensembl Genes"
"94","mauratus_gene_ensembl","Golden Hamster genes (MesAur1.0)","Ensembl Genes"
"95","mcaroli_gene_ensembl","Ryukyu mouse genes (CAROLI_EIJ_v1.1)","Ensembl Genes"
"96","mdomestica_gene_ensembl","Opossum genes (ASM229v1)","Ensembl Genes"
"97","mfascicularis_gene_ensembl","Crab-eating macaque genes (Macaca_fascicularis_6.0)","Ensembl Genes"
"98","mgallopavo_gene_ensembl","Turkey genes (Turkey_5.1)","Ensembl Genes"
"99","mleucophaeus_gene_ensembl","Drill genes (Mleu.le_1.0)","Ensembl Genes"
"100","mlucifugus_gene_ensembl","Microbat genes (Myoluc2.0)","Ensembl Genes"
"101","mmmarmota_gene_ensembl","Alpine marmot genes (marMar2.1)","Ensembl Genes"
"102","mmonoceros_gene_ensembl","Narwhal genes (NGI_Narwhal_1)","Ensembl Genes"
"103","mmoschiferus_gene_ensembl","Siberian musk deer genes (MosMos_v2_BIUU_UCD)","Ensembl Genes"
"104","mmulatta_gene_ensembl","Macaque genes (Mmul_10)","Ensembl Genes"
"105","mmurdjan_gene_ensembl","Pinecone soldierfish genes (fMyrMur1.1)","Ensembl Genes"
"106","mmurinus_gene_ensembl","Mouse Lemur genes (Mmur_3.0)","Ensembl Genes"
"107","mmusculus_gene_ensembl","Mouse genes (GRCm39)","Ensembl Genes"
"108","mnemestrina_gene_ensembl","Pig-tailed macaque genes (Mnem_1.0)","Ensembl Genes"
"109","mochrogaster_gene_ensembl","Prairie vole genes (MicOch1.0)","Ensembl Genes"
"110","mpahari_gene_ensembl","Shrew mouse genes (PAHARI_EIJ_v1.1)","Ensembl Genes"
"111","mpfuro_gene_ensembl","Ferret genes (MusPutFur1.0)","Ensembl Genes"
"112","mspicilegus_gene_ensembl","Steppe mouse genes (MUSP714)","Ensembl Genes"
"113","mspretus_gene_ensembl","Algerian mouse genes (SPRET_EiJ_v1)","Ensembl Genes"
"114","mzebra_gene_ensembl","Zebra mbuna genes (M_zebra_UMD2a)","Ensembl Genes"
"115","nbrichardi_gene_ensembl","Lyretail cichlid genes (NeoBri1.0)","Ensembl Genes"
"116","neugenii_gene_ensembl","Wallaby genes (Meug_1.0)","Ensembl Genes"
"117","nfurzeri_gene_ensembl","Turquoise killifish genes (Nfu_20140520)","Ensembl Genes"
"118","ngalili_gene_ensembl","Upper Galilee mountains blind mole rat genes (S.galili_v1.0)","Ensembl Genes"
"119","nleucogenys_gene_ensembl","Gibbon genes (Nleu_3.0)","Ensembl Genes"
"120","nnaja_gene_ensembl","Indian cobra genes (Nana_v5)","Ensembl Genes"
"121","nscutatus_gene_ensembl","Mainland tiger snake genes (TS10Xv2-PRI)","Ensembl Genes"
"122","nvison_gene_ensembl","American mink genes (NNQGG.v01)","Ensembl Genes"
"123","oanatinus_gene_ensembl","Platypus genes (mOrnAna1.p.v1)","Ensembl Genes"
"124","oarambouillet_gene_ensembl","Sheep genes (ARS-UI_Ramb_v2.0)","Ensembl Genes"
"125","oaries_gene_ensembl","Sheep (texel) genes (Oar_v3.1)","Ensembl Genes"
"126","ocuniculus_gene_ensembl","Rabbit genes (OryCun2.0)","Ensembl Genes"
"127","odegus_gene_ensembl","Degu genes (OctDeg1.0)","Ensembl Genes"
"128","ogarnettii_gene_ensembl","Bushbaby genes (OtoGar3)","Ensembl Genes"
"129","ojavanicus_gene_ensembl","Javanese ricefish genes (OJAV_1.1)","Ensembl Genes"
"130","okisutch_gene_ensembl","Coho salmon genes (Okis_V2)","Ensembl Genes"
"131","olatipes_gene_ensembl","Japanese medaka HdrR genes (ASM223467v1)","Ensembl Genes"
"132","omelastigma_gene_ensembl","Indian medaka genes (Om_v0.7.RACA)","Ensembl Genes"
"133","omykiss_gene_ensembl","Rainbow trout genes (USDA_OmykA_1.1)","Ensembl Genes"
"134","oniloticus_gene_ensembl","Nile tilapia genes (O_niloticus_UMD_NMBU)","Ensembl Genes"
"135","oprinceps_gene_ensembl","Pika genes (OchPri2.0-Ens)","Ensembl Genes"
"136","osinensis_gene_ensembl","Chinese medaka genes (ASM858656v1)","Ensembl Genes"
"137","otshawytscha_gene_ensembl","Chinook salmon genes (Otsh_v2.0)","Ensembl Genes"
"138","pabelii_gene_ensembl","Sumatran orangutan genes (Susie_PABv2)","Ensembl Genes"
"139","panubis_gene_ensembl","Olive baboon genes (Panubis1.0)","Ensembl Genes"
"140","pcapensis_gene_ensembl","Hyrax genes (proCap1)","Ensembl Genes"
"141","pcatodon_gene_ensembl","Sperm whale genes (ASM283717v2)","Ensembl Genes"
"142","pcinereus_gene_ensembl","Koala genes (phaCin_unsw_v4.1)","Ensembl Genes"
"143","pcoquereli_gene_ensembl","Coquerel's sifaka genes (Pcoq_1.0)","Ensembl Genes"
"144","pformosa_gene_ensembl","Amazon molly genes (Poecilia_formosa-5.1.2)","Ensembl Genes"
"145","pkingsleyae_gene_ensembl","Paramormyrops kingsleyae genes (PKINGS_0.1)","Ensembl Genes"
"146","platipinna_gene_ensembl","Sailfin molly genes (P_latipinna-1.0)","Ensembl Genes"
"147","pleo_gene_ensembl","Lion genes (PanLeo1.0)","Ensembl Genes"
"148","pmajor_gene_ensembl","Great Tit genes (Parus_major1.1)","Ensembl Genes"
"149","pmarinus_gene_ensembl","Lamprey genes (Pmarinus_7.0)","Ensembl Genes"
"150","pmbairdii_gene_ensembl","Northern American deer mouse genes (HU_Pman_2.1)","Ensembl Genes"
"151","pmuralis_gene_ensembl","Common wall lizard genes (PodMur_1.0)","Ensembl Genes"
"152","pnattereri_gene_ensembl","Red-bellied piranha genes (fPygNat1.pri)","Ensembl Genes"
"153","pnyererei_gene_ensembl","Makobe Island cichlid genes (PunNye1.0)","Ensembl Genes"
"154","ppaniscus_gene_ensembl","Bonobo genes (panpan1.1)","Ensembl Genes"
"155","ppardus_gene_ensembl","Leopard genes (PanPar1.0)","Ensembl Genes"
"156","preticulata_gene_ensembl","Guppy genes (Guppy_female_1.0_MT)","Ensembl Genes"
"157","psimus_gene_ensembl","Greater bamboo lemur genes (Prosim_1.0)","Ensembl Genes"
"158","psinensis_gene_ensembl","Chinese softshell turtle genes (PelSin_1.0)","Ensembl Genes"
"159","psinus_gene_ensembl","Vaquita genes (mPhoSin1.pri)","Ensembl Genes"
"160","ptaltaica_gene_ensembl","Tiger genes (PanTig1.0)","Ensembl Genes"
"161","ptextilis_gene_ensembl","Eastern brown snake genes (EBS10Xv2-PRI)","Ensembl Genes"
"162","ptroglodytes_gene_ensembl","Chimpanzee genes (Pan_tro_3.0)","Ensembl Genes"
"163","pvampyrus_gene_ensembl","Megabat genes (pteVam1)","Ensembl Genes"
"164","rbieti_gene_ensembl","Black snub-nosed monkey genes (ASM169854v1)","Ensembl Genes"
"165","rferrumequinum_gene_ensembl","Greater horseshoe bat genes (mRhiFer1_v1.p)","Ensembl Genes"
"166","rnorvegicus_gene_ensembl","Rat genes (mRatBN7.2)","Ensembl Genes"
"167","rroxellana_gene_ensembl","Golden snub-nosed monkey genes (Rrox_v1)","Ensembl Genes"
"168","saraneus_gene_ensembl","Shrew genes (sorAra1)","Ensembl Genes"
"169","saurata_gene_ensembl","Gilthead seabream genes (fSpaAur1.1)","Ensembl Genes"
"170","sbboliviensis_gene_ensembl","Bolivian squirrel monkey genes (SaiBol1.0)","Ensembl Genes"
"171","scanaria_gene_ensembl","Common canary genes (SCA1)","Ensembl Genes"
"172","scaustralis_gene_ensembl","African ostrich genes (ASM69896v1)","Ensembl Genes"
"173","scerevisiae_gene_ensembl","Saccharomyces cerevisiae genes (R64-1-1)","Ensembl Genes"
"174","sdumerili_gene_ensembl","Greater amberjack genes (Sdu_1.0)","Ensembl Genes"
"175","sformosus_gene_ensembl","Asian bonytongue genes (fSclFor1.1)","Ensembl Genes"
"176","shabroptila_gene_ensembl","Kakapo genes (bStrHab1_v1.p)","Ensembl Genes"
"177","sharrisii_gene_ensembl","Tasmanian devil genes (mSarHar1.11)","Ensembl Genes"
"178","sldorsalis_gene_ensembl","Yellowtail amberjack genes (Sedor1)","Ensembl Genes"
"179","slucioperca_gene_ensembl","Pike-perch genes (SLUC_FBN_1)","Ensembl Genes"
"180","smaximus_gene_ensembl","Turbot genes (ASM1334776v1)","Ensembl Genes"
"181","smerianae_gene_ensembl","Argentine black and white tegu genes (HLtupMer3)","Ensembl Genes"
"182","spartitus_gene_ensembl","Bicolor damselfish genes (Stegastes_partitus-1.0.2)","Ensembl Genes"
"183","spunctatus_gene_ensembl","Tuatara genes (ASM311381v1)","Ensembl Genes"
"184","ssalar_gene_ensembl","Atlantic salmon genes (Ssal_v3.1)","Ensembl Genes"
"185","ssbamei_gene_ensembl","Pig - Bamei genes (Bamei_pig_v1)","Ensembl Genes"
"186","ssberkshire_gene_ensembl","Pig - Berkshire genes (Berkshire_pig_v1)","Ensembl Genes"
"187","sscrofa_gene_ensembl","Pig genes (Sscrofa11.1)","Ensembl Genes"
"188","sshampshire_gene_ensembl","Pig - Hampshire genes (Hampshire_pig_v1)","Ensembl Genes"
"189","ssjinhua_gene_ensembl","Pig - Jinhua genes (Jinhua_pig_v1)","Ensembl Genes"
"190","sslandrace_gene_ensembl","Pig - Landrace genes (Landrace_pig_v1)","Ensembl Genes"
"191","sslargewhite_gene_ensembl","Pig - Largewhite genes (Large_White_v1)","Ensembl Genes"
"192","ssmeishan_gene_ensembl","Pig - Meishan genes (Meishan_pig_v1)","Ensembl Genes"
"193","sspietrain_gene_ensembl","Pig - Pietrain genes (Pietrain_pig_v1)","Ensembl Genes"
"194","ssrongchang_gene_ensembl","Pig - Rongchang genes (Rongchang_pig_v1)","Ensembl Genes"
"195","sstibetan_gene_ensembl","Pig - Tibetan genes (Tibetan_Pig_v2)","Ensembl Genes"
"196","ssusmarc_gene_ensembl","Pig USMARC genes (USMARCv1.0)","Ensembl Genes"
"197","sswuzhishan_gene_ensembl","Pig - Wuzhishan genes (minipig_v1.0)","Ensembl Genes"
"198","strutta_gene_ensembl","Brown trout genes (fSalTru1.1)","Ensembl Genes"
"199","svulgaris_gene_ensembl","Eurasian red squirrel genes (mSciVul1.1)","Ensembl Genes"
"200","tbelangeri_gene_ensembl","Tree Shrew genes (tupBel1)","Ensembl Genes"
"201","tctriunguis_gene_ensembl","Three-toed box turtle genes (T_m_triunguis-2.0)","Ensembl Genes"
"202","tguttata_gene_ensembl","Zebra finch genes (bTaeGut1_v1.p)","Ensembl Genes"
"203","tnigroviridis_gene_ensembl","Tetraodon genes (TETRAODON 8.0)","Ensembl Genes"
"204","trubripes_gene_ensembl","Fugu genes (fTakRub1.2)","Ensembl Genes"
"205","ttruncatus_gene_ensembl","Dolphin genes (turTru1)","Ensembl Genes"
"206","uamericanus_gene_ensembl","American black bear genes (ASM334442v1)","Ensembl Genes"
"207","umaritimus_gene_ensembl","Polar bear genes (UrsMar_1.0)","Ensembl Genes"
"208","uparryii_gene_ensembl","Arctic ground squirrel genes (ASM342692v1)","Ensembl Genes"
"209","vpacos_gene_ensembl","Alpaca genes (vicPac1)","Ensembl Genes"
"210","vursinus_gene_ensembl","Common wombat genes (bare-nosed_wombat_genome_assembly)","Ensembl Genes"
"211","vvulpes_gene_ensembl","Red fox genes (VulVul2.2)","Ensembl Genes"
"212","xcouchianus_gene_ensembl","Monterrey platyfish genes (Xiphophorus_couchianus-4.0.1)","Ensembl Genes"
"213","xmaculatus_gene_ensembl","Platyfish genes (X_maculatus-5.0-male)","Ensembl Genes"
"214","xtropicalis_gene_ensembl","Tropical clawed frog genes (UCB_Xtro_10.0)","Ensembl Genes"
"215","aalpina_eg_gene","Arabis alpina genes (A_alpina_V4)","Ensembl Plants"
"216","achinensis_eg_gene","Actinidia chinensis genes (Red5_PS1_1.69.0)","Ensembl Plants"
"217","acomosus_eg_gene","Ananas comosus genes (F153)","Ensembl Plants"
"218","ahalleri_eg_gene","Arabidopsis halleri genes (Ahal2.2)","Ensembl Plants"
"219","alyrata_eg_gene","Arabidopsis lyrata genes (v.1.0)","Ensembl Plants"
"220","aofficinalis_eg_gene","Asparagus officinalis genes (Aspof.V1)","Ensembl Plants"
"221","asot3098_eg_gene","Avena sativa OT3098 genes (Oat_OT3098_v2)","Ensembl Plants"
"222","assang_eg_gene","Avena sativa Sang genes (Asativa_sang.v1.1)","Ensembl Plants"
"223","atauschii_eg_gene","Aegilops tauschii genes (Aet v4.0)","Ensembl Plants"
"224","athaliana_eg_gene","Arabidopsis thaliana genes (TAIR10)","Ensembl Plants"
"225","atrichopoda_eg_gene","Amborella trichopoda genes (AMTR1.0)","Ensembl Plants"
"226","aumbellulata_eg_gene","(aegilops_umbellulata) - GCA_951805315.1 [Community annotation] genes (TA1851)","Ensembl Plants"
"227","bdistachyon_eg_gene","Brachypodium distachyon genes (Brachypodium_distachyon_v3.0)","Ensembl Plants"
"228","bjuncea_eg_gene","Brassica juncea genes (ASM1870372v1)","Ensembl Plants"
"229","bnapus_eg_gene","Brassica napus genes (AST_PRJEB5043_v1)","Ensembl Plants"
"230","boleracea_eg_gene","Brassica oleracea genes (BOL)","Ensembl Plants"
"231","brapa_eg_gene","Brassica rapa genes (Brapa_1.0)","Ensembl Plants"
"232","brro18_eg_gene","Brassica rapa R-o-18 genes (SCU_BraROA_2.3)","Ensembl Plants"
"233","bvulgaris_eg_gene","Beta vulgaris genes (RefBeet-1.2.2)","Ensembl Plants"
"234","cannuum_eg_gene","Capsicum annuum genes (ASM51225v2)","Ensembl Plants"
"235","cavellana_eg_gene","Corylus avellana genes (CavTom2PMs-1.0)","Ensembl Plants"
"236","cbraunii_eg_gene","Chara braunii genes (Cbr_1.0)","Ensembl Plants"
"237","ccajan_eg_gene","Cajanus cajan (pigeon pea) - GCA_000340665.1 genes (C.cajan_V1.0)","Ensembl Plants"
"238","ccanephora_eg_gene","Coffea canephora genes (AUK_PRJEB4211_v1)","Ensembl Plants"
"239","ccapsularis_eg_gene","Corchorus capsularis genes (CCACVL1_1.0)","Ensembl Plants"
"240","ccardunculus_eg_gene","Cynara cardunculus genes (CcrdV1)","Ensembl Plants"
"241","ccitriodora_eg_gene","Corymbia citriodora genes (Ccitriodora_v2_1)","Ensembl Plants"
"242","cclementina_eg_gene","Citrus clementina genes (Citrus_clementina_v1.0)","Ensembl Plants"
"243","ccrispus_eg_gene","Chondrus crispus genes (ASM35022v2)","Ensembl Plants"
"244","clanatus_eg_gene","Citrullus lanatus genes (Cla97_v1)","Ensembl Plants"
"245","cmelo_eg_gene","Cucumis melo genes (Melonv4)","Ensembl Plants"
"246","cmerolae_eg_gene","Cyanidioschyzon merolae genes (ASM9120v1)","Ensembl Plants"
"247","cquinoa_eg_gene","Chenopodium quinoa genes (ASM168347v1)","Ensembl Plants"
"248","creinhardtii_eg_gene","Chlamydomonas reinhardtii genes (Chlamydomonas_reinhardtii_v5.5)","Ensembl Plants"
"249","csativa_eg_gene","Camelina sativa genes (Cs)","Ensembl Plants"
"250","csativus_eg_gene","Cucumis sativus genes (ASM407v2)","Ensembl Plants"
"251","csfemale_eg_gene","Cannabis sativa female genes (cs10)","Ensembl Plants"
"252","dcarota_eg_gene","Daucus carota genes (ASM162521v1)","Ensembl Plants"
"253","dexilis_eg_gene","Digitaria exilis genes (Fonio_CM05836)","Ensembl Plants"
"254","drotundata_eg_gene","Dioscorea rotundata genes (TDr96_F1_v2_PseudoChromosome)","Ensembl Plants"
"255","ecrusgalli_eg_gene","Echinochloa crus-galli genes (ec_v3)","Ensembl Plants"
"256","ecurvula_eg_gene","Eragrostis curvula genes (CERZOS_E.curvula1.0)","Ensembl Plants"
"257","egrandis_eg_gene","Eucalyptus grandis genes (Egrandis1_0)","Ensembl Plants"
"258","esalsugineum_eg_gene","Eutrema salsugineum genes (Eutsalg1_0)","Ensembl Plants"
"259","etef_eg_gene","Eragrostis tef genes (Salk_teff_dabbi_3.0)","Ensembl Plants"
"260","fcarica_eg_gene","Ficus carica genes (UNIPI_FiCari_1.0)","Ensembl Plants"
"261","fexcelsior_eg_gene","Fraxinus excelsior genes (BATG-0.5)","Ensembl Plants"
"262","gmax_eg_gene","Glycine max genes (Glycine_max_v2.1)","Ensembl Plants"
"263","graimondii_eg_gene","Gossypium raimondii genes (Graimondii2_0_v6)","Ensembl Plants"
"264","gsoja_eg_gene","Glycine soja (Wild soybean) genes (ASM419377v2)","Ensembl Plants"
"265","gsulphuraria_eg_gene","Galdieria sulphuraria genes (ASM34128v1)","Ensembl Plants"
"266","hannuus_eg_gene","Helianthus annuus genes (HanXRQr2.0-SUNRISE)","Ensembl Plants"
"267","hvgoldenpromise_eg_gene","Hordeum vulgare GoldenPromise genes (GPv1)","Ensembl Plants"
"268","hvtritex_eg_gene","Hordeum vulgare TRITEX genes (Morex_V2_scaf)","Ensembl Plants"
"269","hvulgare_eg_gene","Hordeum vulgare genes (MorexV3_pseudomolecules_assembly)","Ensembl Plants"
"270","itriloba_eg_gene","Ipomoea triloba genes (ASM357664v1)","Ensembl Plants"
"271","jregia_eg_gene","Juglans regia genes (Walnut_2.0)","Ensembl Plants"
"272","kfedtschenkoi_eg_gene","Kalanchoe fedtschenkoi genes (K_fedtschenkoi_M2_v1)","Ensembl Plants"
"273","langustifolius_eg_gene","Lupinus angustifolius genes (LupAngTanjil_v1.0)","Ensembl Plants"
"274","lperenne_eg_gene","Lolium perenne genes (MPB_Lper_Kyuss_1697)","Ensembl Plants"
"275","lperrieri_eg_gene","Leersia perrieri genes (Lperr_V1.4)","Ensembl Plants"
"276","lsativa_eg_gene","Lactuca sativa genes (Lsat_Salinas_v7)","Ensembl Plants"
"277","macuminata_eg_gene","Musa acuminata genes (Musa_acuminata_v2)","Ensembl Plants"
"278","mdgolden_eg_gene","Malus domestica Golden genes (ASM211411v1)","Ensembl Plants"
"279","mesculenta_eg_gene","Manihot esculenta genes (M.esculenta_v8)","Ensembl Plants"
"280","mpolymorpha_eg_gene","Marchantia polymorpha genes (Marchanta_polymorpha_v1)","Ensembl Plants"
"281","mtruncatula_eg_gene","Medicago truncatula genes (MtrunA17r5.0_ANR)","Ensembl Plants"
"282","nattenuata_eg_gene","Nicotiana attenuata genes (NIATTr2)","Ensembl Plants"
"283","ncolorata_eg_gene","Nymphaea colorata genes (ASM883128v1)","Ensembl Plants"
"284","obarthii_eg_gene","Oryza barthii genes (O.barthii_v1)","Ensembl Plants"
"285","obrachyantha_eg_gene","Oryza brachyantha genes (Oryza_brachyantha.v1.4b)","Ensembl Plants"
"286","oesylvestris_eg_gene","Olea europaea var. sylvestris genes (O_europaea_v1)","Ensembl Plants"
"287","oeuropaea_eg_gene","Olea europaea genes (OLEA9)","Ensembl Plants"
"288","oglaberrima_eg_gene","Oryza glaberrima genes (Oryza_glaberrima_V1)","Ensembl Plants"
"289","oglumipatula_eg_gene","Oryza glumipatula genes (Oryza_glumaepatula_v1.5)","Ensembl Plants"
"290","oindica_eg_gene","Oryza sativa Indica Group genes (ASM465v1)","Ensembl Plants"
"291","olongistaminata_eg_gene","Oryza longistaminata genes (O_longistaminata_v1.0)","Ensembl Plants"
"292","olucimarinus_eg_gene","Ostreococcus lucimarinus genes (ASM9206v1)","Ensembl Plants"
"293","omeridionalis_eg_gene","Oryza meridionalis genes (Oryza_meridionalis_v1.3)","Ensembl Plants"
"294","onivara_eg_gene","Oryza nivara genes (Oryza_nivara_v1.0)","Ensembl Plants"
"295","opunctata_eg_gene","Oryza punctata genes (Oryza_punctata_v1.2)","Ensembl Plants"
"296","orufipogon_eg_gene","Oryza rufipogon genes (OR_W1943)","Ensembl Plants"
"297","osarc_eg_gene","Oryza sativa (circum-Basmati var. ARC 10497) genes (Os117425RS1)","Ensembl Plants"
"298","osativa_eg_gene","Oryza sativa Japonica Group genes (IRGSP-1.0)","Ensembl Plants"
"299","osazucena_eg_gene","Oryza sativa (Geng/Japonica-trop1 var. Azucena) genes (AzucenaRS1)","Ensembl Plants"
"300","oschaomeo_eg_gene","Oryza sativa (Geng/Japonica-sbtrp var. Chao Meo) genes (Os132278RS1)","Ensembl Plants"
"301","osgobolsailbalam_eg_gene","Oryza sativa (Xian/Indica-2A var. Gobol Sail) genes (Os132424RS1)","Ensembl Plants"
"302","osir64_eg_gene","Oryza sativa (Xian/Indica-1B1 var. IR64) genes (OsIR64RS1)","Ensembl Plants"
"303","osketannangka_eg_gene","Oryza sativa (Geng/Japonica-trop2 var. Ketan Nangka) genes (Os128077RS1)","Ensembl Plants"
"304","oskhaoyaiguang_eg_gene","Oryza sativa (Xian/Indica-3B1 var. Khao Yai Guang) genes (Os127518RS1)","Ensembl Plants"
"305","oslarhamugad_eg_gene","Oryza sativa (Xian/Indica-2B var. Larha Mugad) genes (Os125619RS1)","Ensembl Plants"
"306","oslima_eg_gene","Oryza sativa (Xian/Indica-3A var. Lima) genes (Os127564RS1)","Ensembl Plants"
"307","osliuxu_eg_gene","Oryza sativa (Xian/Indica-3B2 var. Liu Xu) genes (Os125827RS1)","Ensembl Plants"
"308","osmh63_eg_gene","Oryza sativa (Xian/Indica-adm var. Minghui 63) genes (MH63RS2)","Ensembl Plants"
"309","osn22_eg_gene","Oryza sativa (circum-Aus1 var. N22) genes (OsN22RS2)","Ensembl Plants"
"310","osnatelboro_eg_gene","Oryza sativa (circum-Aus2 var. Natel Boro) genes (Os127652RS1)","Ensembl Plants"
"311","ospr106_eg_gene","Oryza sativa (Xian/Indica-1B2 var. PR106) genes (Os127742RS1)","Ensembl Plants"
"312","oszs97_eg_gene","Oryza sativa (Xian/Indica-1A var. Zhenshan 97) genes (ZS97RS3)","Ensembl Plants"
"313","pavium_eg_gene","Prunus avium genes (PAV_r1.0)","Ensembl Plants"
"314","pdulcis_eg_gene","Prunus dulcis genes (ALMONDv2)","Ensembl Plants"
"315","phallii_eg_gene","Panicum hallii HAL2 genes (PhalliiHAL_v2.1)","Ensembl Plants"
"316","phfil2_eg_gene","Panicum hallii FIL2 genes (PHallii_v3.1)","Ensembl Plants"
"317","ppatens_eg_gene","Physcomitrium patens genes (Phypa V3)","Ensembl Plants"
"318","ppersica_eg_gene","Prunus persica genes (Prunus_persica_NCBIv2)","Ensembl Plants"
"319","psativum_eg_gene","Pisum sativum genes (Pisum_sativum_v1a)","Ensembl Plants"
"320","psomniferum_eg_gene","Papaver somniferum genes (ASM357369v1)","Ensembl Plants"
"321","ptrichocarpa_eg_gene","Populus trichocarpa genes (Pop_tri_v4)","Ensembl Plants"
"322","pvera_eg_gene","Pistacia vera genes (PisVer_v2)","Ensembl Plants"
"323","pvulgaris_eg_gene","Phaseolus vulgaris genes (PhaVulg1_0)","Ensembl Plants"
"324","qlobata_eg_gene","Quercus lobata genes (ValleyOak3.0)","Ensembl Plants"
"325","qsuber_eg_gene","Quercus suber genes (CorkOak1.0)","Ensembl Plants"
"326","rchinensis_eg_gene","Rosa chinensis genes (RchiOBHm-V2)","Ensembl Plants"
"327","sbicolor_eg_gene","Sorghum bicolor genes (Sorghum_bicolor_NCBIv3)","Ensembl Plants"
"328","scereale_eg_gene","Secale cereale genes (Rye_Lo7_2018_v1p1p1)","Ensembl Plants"
"329","sindicum_eg_gene","Sesamum indicum genes (S_indicum_v1.0)","Ensembl Plants"
"330","sitalica_eg_gene","Setaria italica genes (Setaria_italica_v2.0)","Ensembl Plants"
"331","slycopersicum_eg_gene","Solanum lycopersicum genes (SL3.0)","Ensembl Plants"
"332","smoellendorffii_eg_gene","Selaginella moellendorffii genes (v1.0)","Ensembl Plants"
"333","sspontaneum_eg_gene","Saccharum spontaneum genes (Sspon.HiC_chr_asm)","Ensembl Plants"
"334","strh8903916_eg_gene","Solanum tuberosum RH89-039-16 genes (ASM1418947v1)","Ensembl Plants"
"335","stuberosum_eg_gene","Solanum tuberosum genes (SolTub_3.0)","Ensembl Plants"
"336","sviridis_eg_gene","Setaria viridis genes (Setaria_viridis_v2.0)","Ensembl Plants"
"337","taarinalrfor_eg_gene","Triticum aestivum Arinalrfor genes (PGSBv2.0_Arinalrfor)","Ensembl Plants"
"338","tacadenza_eg_gene","Triticum aestivum Cadenza genes (TGAC_cadenza)","Ensembl Plants"
"339","taclaire_eg_gene","Triticum aestivum Claire genes (TGAC_paragon)","Ensembl Plants"
"340","taestivum_eg_gene","Triticum aestivum genes (IWGSC)","Ensembl Plants"
"341","tajagger_eg_gene","Triticum aestivum Jagger genes (PGSBv2.0_Jagger)","Ensembl Plants"
"342","tajulius_eg_gene","Triticum aestivum Julius genes (PGSBv2.0_Julius)","Ensembl Plants"
"343","takariega_eg_gene","Triticum aestivum Kariega genes (Tae_Kariega_v1)","Ensembl Plants"
"344","talancer_eg_gene","Triticum aestivum Lancer genes (PGSBv2.0_Lancer)","Ensembl Plants"
"345","talandmark_eg_gene","Triticum aestivum Landmark genes (PGSBv2.0_Landmark)","Ensembl Plants"
"346","tamace_eg_gene","Triticum aestivum Mace genes (PGSBv2.0_Mace)","Ensembl Plants"
"347","tamattis_eg_gene","Triticum aestivum Sy Mattis genes (PGSBv2.0_Mattis)","Ensembl Plants"
"348","tanorin61_eg_gene","Triticum aestivum Norin61 genes (PGSBv2.0_Norin61)","Ensembl Plants"
"349","taparagon_eg_gene","Triticum aestivum Paragon genes (EI_paragon)","Ensembl Plants"
"350","tarefseqv2_eg_gene","Triticum aestivum Refseqv2 genes (IWGSC_RefSeq_v2.1)","Ensembl Plants"
"351","tarenan_eg_gene","Triticum aestivum Renan genes (Triticum_aestivum_Renan_v2.1)","Ensembl Plants"
"352","tarobigus_eg_gene","Triticum aestivum Robigus genes (TGAC_robigus)","Ensembl Plants"
"353","tastanley_eg_gene","Triticum aestivum Stanley genes (PGSBv2.2_Stanley)","Ensembl Plants"
"354","taweebil_eg_gene","Triticum aestivum Weebill genes (EI_WeebilV1)","Ensembl Plants"
"355","tcacao_eg_gene","Theobroma cacao Matina 1-6 genes (Theobroma_cacao_20110822)","Ensembl Plants"
"356","tccriollo_eg_gene","Theobroma cacao Belizian Criollo B97-61/B2 genes (Criollo_cocoa_genome_V2)","Ensembl Plants"
"357","tdicoccoides_eg_gene","Triticum dicoccoides genes (WEWSeq v.1.0)","Ensembl Plants"
"358","tpratense_eg_gene","Trifolium pratense genes (Trpr)","Ensembl Plants"
"359","tspelta_eg_gene","Triticum spelta genes (PGSBv2.0_Spelta)","Ensembl Plants"
"360","tturgidum_eg_gene","Triticum turgidum genes (svevo)","Ensembl Plants"
"361","turartu_eg_gene","Triticum urartu genes (Tu2.0)","Ensembl Plants"
"362","vangularis_eg_gene","Vigna angularis genes (Vigan1.1)","Ensembl Plants"
"363","vfaba_eg_gene","Vicia faba genes (Hedin2_genome_v1)","Ensembl Plants"
"364","vradiata_eg_gene","Vigna radiata genes (Vradiata_ver6)","Ensembl Plants"
"365","vunguiculata_eg_gene","Vigna unguiculata genes (ASM411807v1)","Ensembl Plants"
"366","vvinifera_eg_gene","Vitis vinifera genes (PN40024.v4)","Ensembl Plants"
"367","zmays_eg_gene","Zea mays genes (Zm-B73-REFERENCE-NAM-5.0)","Ensembl Plants"
